[{"created_at":"Thu Oct 17 11:33:52 +0000 2013","id":390802839012126720,"id_str":"390802839012126720","text":"RT @ActivateMedia: Meanwhile at Activate we're scoffing fancy patisseries thx @rexromae &amp; happy bday! http:\/\/t.co\/touGxx75sV http:\/\/t.co\/zT\u2026","source":"\u003ca href=\"http:\/\/twitter.com\/download\/android\" rel=\"nofollow\"\u003eTwitter for Android\u003c\/a\u003e","truncated":false,"in_reply_to_status_id":null,"in_reply_to_status_id_str":null,"in_reply_to_user_id":null,"in_reply_to_user_id_str":null,"in_reply_to_screen_name":null,"user":{"id":104585756,"id_str":"104585756","name":"Andrea Falzetti","screen_name":"rexromae","location":"Europe","description":"","url":"http:\/\/t.co\/LDoQyKoBxD","entities":{"url":{"urls":[{"url":"http:\/\/t.co\/LDoQyKoBxD","expanded_url":"http:\/\/andreafalzetti.com","display_url":"andreafalzetti.com","indices":[0,22]}]},"description":{"urls":[]}},"protected":false,"followers_count":47,"friends_count":117,"listed_count":1,"created_at":"Wed Jan 13 19:48:57 +0000 2010","favourites_count":25,"utc_offset":7200,"time_zone":"Berlin","geo_enabled":false,"verified":false,"statuses_count":258,"lang":"it","contributors_enabled":false,"is_translator":false,"profile_background_color":"131516","profile_background_image_url":"http:\/\/abs.twimg.com\/images\/themes\/theme14\/bg.gif","profile_background_image_url_https":"https:\/\/abs.twimg.com\/images\/themes\/theme14\/bg.gif","profile_background_tile":true,"profile_image_url":"http:\/\/pbs.twimg.com\/profile_images\/378800000599408175\/437e577c0da1d1a14cbfa6fb66956d34_normal.jpeg","profile_image_url_https":"https:\/\/pbs.twimg.com\/profile_images\/378800000599408175\/437e577c0da1d1a14cbfa6fb66956d34_normal.jpeg","profile_link_color":"009999","profile_sidebar_border_color":"EEEEEE","profile_sidebar_fill_color":"EFEFEF","profile_text_color":"333333","profile_use_background_image":true,"default_profile":false,"default_profile_image":false,"following":false,"follow_request_sent":false,"notifications":false},"geo":null,"coordinates":null,"place":null,"contributors":null,"retweeted_status":{"created_at":"Thu Oct 17 11:33:26 +0000 2013","id":390802730769321984,"id_str":"390802730769321984","text":"Meanwhile at Activate we're scoffing fancy patisseries thx @rexromae &amp; happy bday! http:\/\/t.co\/touGxx75sV http:\/\/t.co\/zTtMOZRV3A","source":"web","truncated":false,"in_reply_to_status_id":null,"in_reply_to_status_id_str":null,"in_reply_to_user_id":null,"in_reply_to_user_id_str":null,"in_reply_to_screen_name":null,"user":{"id":20988887,"id_str":"20988887","name":"Activate Media","screen_name":"ActivateMedia","location":"London","description":"We're a digital design & development agency solving digital challenges on web, mobile and social.","url":"http:\/\/t.co\/V89Iaerhs1","entities":{"url":{"urls":[{"url":"http:\/\/t.co\/V89Iaerhs1","expanded_url":"http:\/\/www.activatemedia.co.uk","display_url":"activatemedia.co.uk","indices":[0,22]}]},"description":{"urls":[]}},"protected":false,"followers_count":236,"friends_count":180,"listed_count":4,"created_at":"Mon Feb 16 14:28:55 +0000 2009","favourites_count":11,"utc_offset":3600,"time_zone":"London","geo_enabled":false,"verified":false,"statuses_count":1826,"lang":"en","contributors_enabled":false,"is_translator":false,"profile_background_color":"131516","profile_background_image_url":"http:\/\/a0.twimg.com\/profile_background_images\/378800000038950362\/8c76c903c2a44c770403c5e66a578248.jpeg","profile_background_image_url_https":"https:\/\/si0.twimg.com\/profile_background_images\/378800000038950362\/8c76c903c2a44c770403c5e66a578248.jpeg","profile_background_tile":true,"profile_image_url":"http:\/\/a0.twimg.com\/profile_images\/378800000142674585\/dba3cdee0104c7f32cc9a6dd06065852_normal.jpeg","profile_image_url_https":"https:\/\/si0.twimg.com\/profile_images\/378800000142674585\/dba3cdee0104c7f32cc9a6dd06065852_normal.jpeg","profile_banner_url":"https:\/\/pbs.twimg.com\/profile_banners\/20988887\/1373985747","profile_link_color":"009999","profile_sidebar_border_color":"000000","profile_sidebar_fill_color":"EFEFEF","profile_text_color":"333333","profile_use_background_image":false,"default_profile":false,"default_profile_image":false,"following":null,"follow_request_sent":false,"notifications":null},"geo":null,"coordinates":null,"place":null,"contributors":null,"retweet_count":2,"favorite_count":0,"entities":{"hashtags":[],"symbols":[],"urls":[{"url":"http:\/\/t.co\/touGxx75sV","expanded_url":"http:\/\/on.fb.me\/19OzMS4","display_url":"on.fb.me\/19OzMS4","indices":[87,109]}],"user_mentions":[{"screen_name":"rexromae","name":"Andrea Falzetti","id":104585756,"id_str":"104585756","indices":[59,68]}],"media":[{"id":390802730773516288,"id_str":"390802730773516288","indices":[110,132],"media_url":"http:\/\/pbs.twimg.com\/media\/BWxpA1kCEAAsx6y.jpg","media_url_https":"https:\/\/pbs.twimg.com\/media\/BWxpA1kCEAAsx6y.jpg","url":"http:\/\/t.co\/zTtMOZRV3A","display_url":"pic.twitter.com\/zTtMOZRV3A","expanded_url":"http:\/\/twitter.com\/ActivateMedia\/status\/390802730769321984\/photo\/1","type":"photo","sizes":{"large":{"w":1024,"h":1365,"resize":"fit"},"thumb":{"w":150,"h":150,"resize":"crop"},"small":{"w":340,"h":453,"resize":"fit"},"medium":{"w":600,"h":800,"resize":"fit"}}}]},"favorited":false,"retweeted":false,"possibly_sensitive":false,"lang":"en"},"retweet_count":2,"favorite_count":0,"entities":{"hashtags":[],"symbols":[],"urls":[{"url":"http:\/\/t.co\/touGxx75sV","expanded_url":"http:\/\/on.fb.me\/19OzMS4","display_url":"on.fb.me\/19OzMS4","indices":[106,128]}],"user_mentions":[{"screen_name":"ActivateMedia","name":"Activate Media","id":20988887,"id_str":"20988887","indices":[3,17]},{"screen_name":"rexromae","name":"Andrea Falzetti","id":104585756,"id_str":"104585756","indices":[78,87]}]},"favorited":false,"retweeted":false,"possibly_sensitive":true,"lang":"en"},{"created_at":"Tue Oct 15 08:21:00 +0000 2013","id":390029528711843840,"id_str":"390029528711843840","text":"RT @ActivateMedia: We're in the running! @ActivateMedia website has been nominated by @cssawards http:\/\/t.co\/qtTIski1cp. Thanks guys http:\/\u2026","source":"\u003ca href=\"http:\/\/twitter.com\/download\/android\" rel=\"nofollow\"\u003eTwitter for Android\u003c\/a\u003e","truncated":false,"in_reply_to_status_id":null,"in_reply_to_status_id_str":null,"in_reply_to_user_id":null,"in_reply_to_user_id_str":null,"in_reply_to_screen_name":null,"user":{"id":104585756,"id_str":"104585756","name":"Andrea Falzetti","screen_name":"rexromae","location":"Europe","description":"","url":"http:\/\/t.co\/LDoQyKoBxD","entities":{"url":{"urls":[{"url":"http:\/\/t.co\/LDoQyKoBxD","expanded_url":"http:\/\/andreafalzetti.com","display_url":"andreafalzetti.com","indices":[0,22]}]},"description":{"urls":[]}},"protected":false,"followers_count":47,"friends_count":117,"listed_count":1,"created_at":"Wed Jan 13 19:48:57 +0000 2010","favourites_count":25,"utc_offset":7200,"time_zone":"Berlin","geo_enabled":false,"verified":false,"statuses_count":258,"lang":"it","contributors_enabled":false,"is_translator":false,"profile_background_color":"131516","profile_background_image_url":"http:\/\/abs.twimg.com\/images\/themes\/theme14\/bg.gif","profile_background_image_url_https":"https:\/\/abs.twimg.com\/images\/themes\/theme14\/bg.gif","profile_background_tile":true,"profile_image_url":"http:\/\/pbs.twimg.com\/profile_images\/378800000599408175\/437e577c0da1d1a14cbfa6fb66956d34_normal.jpeg","profile_image_url_https":"https:\/\/pbs.twimg.com\/profile_images\/378800000599408175\/437e577c0da1d1a14cbfa6fb66956d34_normal.jpeg","profile_link_color":"009999","profile_sidebar_border_color":"EEEEEE","profile_sidebar_fill_color":"EFEFEF","profile_text_color":"333333","profile_use_background_image":true,"default_profile":false,"default_profile_image":false,"following":false,"follow_request_sent":false,"notifications":false},"geo":null,"coordinates":null,"place":null,"contributors":null,"retweeted_status":{"created_at":"Tue Oct 15 07:45:15 +0000 2013","id":390020532672151552,"id_str":"390020532672151552","text":"We're in the running! @ActivateMedia website has been nominated by @cssawards http:\/\/t.co\/qtTIski1cp. Thanks guys http:\/\/t.co\/iNpRnSbm2E","source":"\u003ca href=\"http:\/\/bufferapp.com\" rel=\"nofollow\"\u003eBuffer\u003c\/a\u003e","truncated":false,"in_reply_to_status_id":null,"in_reply_to_status_id_str":null,"in_reply_to_user_id":null,"in_reply_to_user_id_str":null,"in_reply_to_screen_name":null,"user":{"id":20988887,"id_str":"20988887","name":"Activate Media","screen_name":"ActivateMedia","location":"London","description":"We're a digital design & development agency solving digital challenges on web, mobile and social.","url":"http:\/\/t.co\/V89Iaerhs1","entities":{"url":{"urls":[{"url":"http:\/\/t.co\/V89Iaerhs1","expanded_url":"http:\/\/www.activatemedia.co.uk","display_url":"activatemedia.co.uk","indices":[0,22]}]},"description":{"urls":[]}},"protected":false,"followers_count":236,"friends_count":180,"listed_count":4,"created_at":"Mon Feb 16 14:28:55 +0000 2009","favourites_count":11,"utc_offset":3600,"time_zone":"London","geo_enabled":false,"verified":false,"statuses_count":1826,"lang":"en","contributors_enabled":false,"is_translator":false,"profile_background_color":"131516","profile_background_image_url":"http:\/\/a0.twimg.com\/profile_background_images\/378800000038950362\/8c76c903c2a44c770403c5e66a578248.jpeg","profile_background_image_url_https":"https:\/\/si0.twimg.com\/profile_background_images\/378800000038950362\/8c76c903c2a44c770403c5e66a578248.jpeg","profile_background_tile":true,"profile_image_url":"http:\/\/a0.twimg.com\/profile_images\/378800000142674585\/dba3cdee0104c7f32cc9a6dd06065852_normal.jpeg","profile_image_url_https":"https:\/\/si0.twimg.com\/profile_images\/378800000142674585\/dba3cdee0104c7f32cc9a6dd06065852_normal.jpeg","profile_banner_url":"https:\/\/pbs.twimg.com\/profile_banners\/20988887\/1373985747","profile_link_color":"009999","profile_sidebar_border_color":"000000","profile_sidebar_fill_color":"EFEFEF","profile_text_color":"333333","profile_use_background_image":false,"default_profile":false,"default_profile_image":false,"following":null,"follow_request_sent":false,"notifications":null},"geo":null,"coordinates":null,"place":null,"contributors":null,"retweet_count":2,"favorite_count":1,"entities":{"hashtags":[],"symbols":[],"urls":[{"url":"http:\/\/t.co\/qtTIski1cp","expanded_url":"http:\/\/bit.ly\/1gE48xO","display_url":"bit.ly\/1gE48xO","indices":[78,100]}],"user_mentions":[{"screen_name":"ActivateMedia","name":"Activate Media","id":20988887,"id_str":"20988887","indices":[22,36]},{"screen_name":"cssawards","name":"CSS Awards","id":118650384,"id_str":"118650384","indices":[67,77]}],"media":[{"id":390020532521140224,"id_str":"390020532521140224","indices":[114,136],"media_url":"http:\/\/pbs.twimg.com\/media\/BWmhm6AIAAAov60.jpg","media_url_https":"https:\/\/pbs.twimg.com\/media\/BWmhm6AIAAAov60.jpg","url":"http:\/\/t.co\/iNpRnSbm2E","display_url":"pic.twitter.com\/iNpRnSbm2E","expanded_url":"http:\/\/twitter.com\/ActivateMedia\/status\/390020532672151552\/photo\/1","type":"photo","sizes":{"medium":{"w":600,"h":327,"resize":"fit"},"large":{"w":728,"h":397,"resize":"fit"},"thumb":{"w":150,"h":150,"resize":"crop"},"small":{"w":340,"h":185,"resize":"fit"}}}]},"favorited":false,"retweeted":false,"possibly_sensitive":false,"lang":"en"},"retweet_count":2,"favorite_count":0,"entities":{"hashtags":[],"symbols":[],"urls":[{"url":"http:\/\/t.co\/qtTIski1cp","expanded_url":"http:\/\/bit.ly\/1gE48xO","display_url":"bit.ly\/1gE48xO","indices":[97,119]}],"user_mentions":[{"screen_name":"ActivateMedia","name":"Activate Media","id":20988887,"id_str":"20988887","indices":[3,17]},{"screen_name":"ActivateMedia","name":"Activate Media","id":20988887,"id_str":"20988887","indices":[41,55]},{"screen_name":"cssawards","name":"CSS Awards","id":118650384,"id_str":"118650384","indices":[86,96]}]},"favorited":false,"retweeted":false,"possibly_sensitive":true,"lang":"en"},{"created_at":"Sun Oct 13 21:13:43 +0000 2013","id":389499213236953088,"id_str":"389499213236953088","text":"RT @kevinmitnick: WTF? 20 Euros for a Mojito in Helsinki? I'll need a 2nd job. LOL http:\/\/t.co\/0mkHLEoA72","source":"\u003ca href=\"http:\/\/twitter.com\/download\/android\" rel=\"nofollow\"\u003eTwitter for Android\u003c\/a\u003e","truncated":false,"in_reply_to_status_id":null,"in_reply_to_status_id_str":null,"in_reply_to_user_id":null,"in_reply_to_user_id_str":null,"in_reply_to_screen_name":null,"user":{"id":104585756,"id_str":"104585756","name":"Andrea Falzetti","screen_name":"rexromae","location":"Europe","description":"","url":"http:\/\/t.co\/LDoQyKoBxD","entities":{"url":{"urls":[{"url":"http:\/\/t.co\/LDoQyKoBxD","expanded_url":"http:\/\/andreafalzetti.com","display_url":"andreafalzetti.com","indices":[0,22]}]},"description":{"urls":[]}},"protected":false,"followers_count":47,"friends_count":117,"listed_count":1,"created_at":"Wed Jan 13 19:48:57 +0000 2010","favourites_count":25,"utc_offset":7200,"time_zone":"Berlin","geo_enabled":false,"verified":false,"statuses_count":258,"lang":"it","contributors_enabled":false,"is_translator":false,"profile_background_color":"131516","profile_background_image_url":"http:\/\/abs.twimg.com\/images\/themes\/theme14\/bg.gif","profile_background_image_url_https":"https:\/\/abs.twimg.com\/images\/themes\/theme14\/bg.gif","profile_background_tile":true,"profile_image_url":"http:\/\/pbs.twimg.com\/profile_images\/378800000599408175\/437e577c0da1d1a14cbfa6fb66956d34_normal.jpeg","profile_image_url_https":"https:\/\/pbs.twimg.com\/profile_images\/378800000599408175\/437e577c0da1d1a14cbfa6fb66956d34_normal.jpeg","profile_link_color":"009999","profile_sidebar_border_color":"EEEEEE","profile_sidebar_fill_color":"EFEFEF","profile_text_color":"333333","profile_use_background_image":true,"default_profile":false,"default_profile_image":false,"following":false,"follow_request_sent":false,"notifications":false},"geo":null,"coordinates":null,"place":null,"contributors":null,"retweeted_status":{"created_at":"Sun Oct 13 18:43:13 +0000 2013","id":389461338827022336,"id_str":"389461338827022336","text":"WTF? 20 Euros for a Mojito in Helsinki? I'll need a 2nd job. LOL http:\/\/t.co\/0mkHLEoA72","source":"\u003ca href=\"http:\/\/www.echofon.com\/\" rel=\"nofollow\"\u003eEchofon\u003c\/a\u003e","truncated":false,"in_reply_to_status_id":null,"in_reply_to_status_id_str":null,"in_reply_to_user_id":null,"in_reply_to_user_id_str":null,"in_reply_to_screen_name":null,"user":{"id":14666934,"id_str":"14666934","name":"Kevin Mitnick","screen_name":"kevinmitnick","location":"Las Vegas, NV","description":"Security Consultant, Public Speaker, & Author\r\nWhistling ICBM launch codes since 1988","url":"http:\/\/t.co\/bzs37ygbsS","entities":{"url":{"urls":[{"url":"http:\/\/t.co\/bzs37ygbsS","expanded_url":"http:\/\/www.mitnicksecurity.com","display_url":"mitnicksecurity.com","indices":[0,22]}]},"description":{"urls":[]}},"protected":false,"followers_count":106081,"friends_count":1752,"listed_count":3720,"created_at":"Tue May 06 00:13:39 +0000 2008","favourites_count":0,"utc_offset":-25200,"time_zone":"Pacific Time (US & Canada)","geo_enabled":false,"verified":true,"statuses_count":9470,"lang":"en","contributors_enabled":false,"is_translator":false,"profile_background_color":"063235","profile_background_image_url":"http:\/\/a0.twimg.com\/profile_background_images\/2498876\/crosscode.jpg","profile_background_image_url_https":"https:\/\/si0.twimg.com\/profile_background_images\/2498876\/crosscode.jpg","profile_background_tile":true,"profile_image_url":"http:\/\/a0.twimg.com\/profile_images\/53807085\/Mitnick_Color_normal.jpg","profile_image_url_https":"https:\/\/si0.twimg.com\/profile_images\/53807085\/Mitnick_Color_normal.jpg","profile_link_color":"0000FF","profile_sidebar_border_color":"4485BC","profile_sidebar_fill_color":"91BEFF","profile_text_color":"000000","profile_use_background_image":true,"default_profile":false,"default_profile_image":false,"following":null,"follow_request_sent":false,"notifications":null},"geo":null,"coordinates":null,"place":null,"contributors":null,"retweet_count":81,"favorite_count":26,"entities":{"hashtags":[],"symbols":[],"urls":[],"user_mentions":[],"media":[{"id":389461338680221696,"id_str":"389461338680221696","indices":[65,87],"media_url":"http:\/\/pbs.twimg.com\/media\/BWelBinIYAAI2WY.jpg","media_url_https":"https:\/\/pbs.twimg.com\/media\/BWelBinIYAAI2WY.jpg","url":"http:\/\/t.co\/0mkHLEoA72","display_url":"pic.twitter.com\/0mkHLEoA72","expanded_url":"http:\/\/twitter.com\/kevinmitnick\/status\/389461338827022336\/photo\/1","type":"photo","sizes":{"thumb":{"w":150,"h":150,"resize":"crop"},"small":{"w":340,"h":453,"resize":"fit"},"medium":{"w":480,"h":640,"resize":"fit"},"large":{"w":480,"h":640,"resize":"fit"}}}]},"favorited":false,"retweeted":false,"possibly_sensitive":false,"lang":"en"},"retweet_count":81,"favorite_count":0,"entities":{"hashtags":[],"symbols":[],"urls":[],"user_mentions":[{"screen_name":"kevinmitnick","name":"Kevin Mitnick","id":14666934,"id_str":"14666934","indices":[3,16]}],"media":[{"id":389461338680221696,"id_str":"389461338680221696","indices":[83,105],"media_url":"http:\/\/pbs.twimg.com\/media\/BWelBinIYAAI2WY.jpg","media_url_https":"https:\/\/pbs.twimg.com\/media\/BWelBinIYAAI2WY.jpg","url":"http:\/\/t.co\/0mkHLEoA72","display_url":"pic.twitter.com\/0mkHLEoA72","expanded_url":"http:\/\/twitter.com\/kevinmitnick\/status\/389461338827022336\/photo\/1","type":"photo","sizes":{"thumb":{"w":150,"h":150,"resize":"crop"},"small":{"w":340,"h":453,"resize":"fit"},"medium":{"w":480,"h":640,"resize":"fit"},"large":{"w":480,"h":640,"resize":"fit"}},"source_status_id":389461338827022336,"source_status_id_str":"389461338827022336"}]},"favorited":false,"retweeted":false,"possibly_sensitive":true,"lang":"en"},{"created_at":"Sat Oct 12 17:49:19 +0000 2013","id":389085385415852032,"id_str":"389085385415852032","text":"Ho appena aggiornato il mio profilo su LinkedIn. Entra a far parte della mia rete professionale! http:\/\/t.co\/usRHxcL7Xp #in","source":"\u003ca href=\"http:\/\/www.linkedin.com\/\" rel=\"nofollow\"\u003eLinkedIn\u003c\/a\u003e","truncated":false,"in_reply_to_status_id":null,"in_reply_to_status_id_str":null,"in_reply_to_user_id":null,"in_reply_to_user_id_str":null,"in_reply_to_screen_name":null,"user":{"id":104585756,"id_str":"104585756","name":"Andrea Falzetti","screen_name":"rexromae","location":"Europe","description":"","url":"http:\/\/t.co\/LDoQyKoBxD","entities":{"url":{"urls":[{"url":"http:\/\/t.co\/LDoQyKoBxD","expanded_url":"http:\/\/andreafalzetti.com","display_url":"andreafalzetti.com","indices":[0,22]}]},"description":{"urls":[]}},"protected":false,"followers_count":47,"friends_count":117,"listed_count":1,"created_at":"Wed Jan 13 19:48:57 +0000 2010","favourites_count":25,"utc_offset":7200,"time_zone":"Berlin","geo_enabled":false,"verified":false,"statuses_count":258,"lang":"it","contributors_enabled":false,"is_translator":false,"profile_background_color":"131516","profile_background_image_url":"http:\/\/abs.twimg.com\/images\/themes\/theme14\/bg.gif","profile_background_image_url_https":"https:\/\/abs.twimg.com\/images\/themes\/theme14\/bg.gif","profile_background_tile":true,"profile_image_url":"http:\/\/pbs.twimg.com\/profile_images\/378800000599408175\/437e577c0da1d1a14cbfa6fb66956d34_normal.jpeg","profile_image_url_https":"https:\/\/pbs.twimg.com\/profile_images\/378800000599408175\/437e577c0da1d1a14cbfa6fb66956d34_normal.jpeg","profile_link_color":"009999","profile_sidebar_border_color":"EEEEEE","profile_sidebar_fill_color":"EFEFEF","profile_text_color":"333333","profile_use_background_image":true,"default_profile":false,"default_profile_image":false,"following":false,"follow_request_sent":false,"notifications":false},"geo":null,"coordinates":null,"place":null,"contributors":null,"retweet_count":0,"favorite_count":0,"entities":{"hashtags":[{"text":"in","indices":[120,123]}],"symbols":[],"urls":[{"url":"http:\/\/t.co\/usRHxcL7Xp","expanded_url":"http:\/\/lnkd.in\/b_xMs32","display_url":"lnkd.in\/b_xMs32","indices":[97,119]}],"user_mentions":[]},"favorited":false,"retweeted":false,"possibly_sensitive":true,"lang":"it"},{"created_at":"Fri Sep 27 12:57:18 +0000 2013","id":383576078066802688,"id_str":"383576078066802688","text":"RT @Mte90Net: Chi non festeggia i 30 anni di GNU buttasse il suo smartphone PLS","source":"web","truncated":false,"in_reply_to_status_id":null,"in_reply_to_status_id_str":null,"in_reply_to_user_id":null,"in_reply_to_user_id_str":null,"in_reply_to_screen_name":null,"user":{"id":104585756,"id_str":"104585756","name":"Andrea Falzetti","screen_name":"rexromae","location":"Europe","description":"","url":"http:\/\/t.co\/LDoQyKoBxD","entities":{"url":{"urls":[{"url":"http:\/\/t.co\/LDoQyKoBxD","expanded_url":"http:\/\/andreafalzetti.com","display_url":"andreafalzetti.com","indices":[0,22]}]},"description":{"urls":[]}},"protected":false,"followers_count":47,"friends_count":117,"listed_count":1,"created_at":"Wed Jan 13 19:48:57 +0000 2010","favourites_count":25,"utc_offset":7200,"time_zone":"Berlin","geo_enabled":false,"verified":false,"statuses_count":258,"lang":"it","contributors_enabled":false,"is_translator":false,"profile_background_color":"131516","profile_background_image_url":"http:\/\/abs.twimg.com\/images\/themes\/theme14\/bg.gif","profile_background_image_url_https":"https:\/\/abs.twimg.com\/images\/themes\/theme14\/bg.gif","profile_background_tile":true,"profile_image_url":"http:\/\/pbs.twimg.com\/profile_images\/378800000599408175\/437e577c0da1d1a14cbfa6fb66956d34_normal.jpeg","profile_image_url_https":"https:\/\/pbs.twimg.com\/profile_images\/378800000599408175\/437e577c0da1d1a14cbfa6fb66956d34_normal.jpeg","profile_link_color":"009999","profile_sidebar_border_color":"EEEEEE","profile_sidebar_fill_color":"EFEFEF","profile_text_color":"333333","profile_use_background_image":true,"default_profile":false,"default_profile_image":false,"following":false,"follow_request_sent":false,"notifications":false},"geo":null,"coordinates":null,"place":null,"contributors":null,"retweeted_status":{"created_at":"Fri Sep 27 12:49:00 +0000 2013","id":383573991857741824,"id_str":"383573991857741824","text":"Chi non festeggia i 30 anni di GNU buttasse il suo smartphone PLS","source":"\u003ca href=\"http:\/\/www.tweetdeck.com\" rel=\"nofollow\"\u003eTweetDeck\u003c\/a\u003e","truncated":false,"in_reply_to_status_id":null,"in_reply_to_status_id_str":null,"in_reply_to_user_id":null,"in_reply_to_user_id_str":null,"in_reply_to_screen_name":null,"user":{"id":435235970,"id_str":"435235970","name":"Mte90","screen_name":"Mte90Net","location":"Italy, Rieti","description":"Professional #Geek, #Developer, #Debian user, #Mozillian and #Firefox fanboy, Drug addict of #KDE\/#QT, Zagoriano, #Wordpress Fan and developer of my life","url":"http:\/\/t.co\/IO3DhMCjYv","entities":{"url":{"urls":[{"url":"http:\/\/t.co\/IO3DhMCjYv","expanded_url":"http:\/\/www.mte90.net","display_url":"mte90.net","indices":[0,22]}]},"description":{"urls":[]}},"protected":false,"followers_count":418,"friends_count":492,"listed_count":21,"created_at":"Mon Dec 12 20:44:04 +0000 2011","favourites_count":548,"utc_offset":7200,"time_zone":"Amsterdam","geo_enabled":true,"verified":false,"statuses_count":20752,"lang":"it","contributors_enabled":false,"is_translator":false,"profile_background_color":"042F6A","profile_background_image_url":"http:\/\/a0.twimg.com\/profile_background_images\/870106888\/0041a3c639e7d860c185aad399e713e4.jpeg","profile_background_image_url_https":"https:\/\/si0.twimg.com\/profile_background_images\/870106888\/0041a3c639e7d860c185aad399e713e4.jpeg","profile_background_tile":true,"profile_image_url":"http:\/\/pbs.twimg.com\/profile_images\/378800000264811670\/b5eaf7955bf810dbf7f12d1587d4388b_normal.png","profile_image_url_https":"https:\/\/pbs.twimg.com\/profile_images\/378800000264811670\/b5eaf7955bf810dbf7f12d1587d4388b_normal.png","profile_banner_url":"https:\/\/pbs.twimg.com\/profile_banners\/435235970\/1364232068","profile_link_color":"031F47","profile_sidebar_border_color":"FFFFFF","profile_sidebar_fill_color":"C0DFEC","profile_text_color":"000000","profile_use_background_image":true,"default_profile":false,"default_profile_image":false,"following":null,"follow_request_sent":false,"notifications":null},"geo":null,"coordinates":null,"place":null,"contributors":null,"retweet_count":5,"favorite_count":1,"entities":{"hashtags":[],"symbols":[],"urls":[],"user_mentions":[]},"favorited":false,"retweeted":false,"lang":"it"},"retweet_count":5,"favorite_count":0,"entities":{"hashtags":[],"symbols":[],"urls":[],"user_mentions":[{"screen_name":"Mte90Net","name":"Mte90","id":435235970,"id_str":"435235970","indices":[3,12]}]},"favorited":false,"retweeted":false,"lang":"it"},{"created_at":"Fri Sep 27 12:03:24 +0000 2013","id":383562515042820096,"id_str":"383562515042820096","text":"@FoppOfficial thanks for your reply. Is it possible do it online?","source":"\u003ca href=\"http:\/\/twitter.com\/download\/android\" rel=\"nofollow\"\u003eTwitter for Android\u003c\/a\u003e","truncated":false,"in_reply_to_status_id":383561526831251456,"in_reply_to_status_id_str":"383561526831251456","in_reply_to_user_id":155560949,"in_reply_to_user_id_str":"155560949","in_reply_to_screen_name":"FoppOfficial","user":{"id":104585756,"id_str":"104585756","name":"Andrea Falzetti","screen_name":"rexromae","location":"Europe","description":"","url":"http:\/\/t.co\/LDoQyKoBxD","entities":{"url":{"urls":[{"url":"http:\/\/t.co\/LDoQyKoBxD","expanded_url":"http:\/\/andreafalzetti.com","display_url":"andreafalzetti.com","indices":[0,22]}]},"description":{"urls":[]}},"protected":false,"followers_count":47,"friends_count":117,"listed_count":1,"created_at":"Wed Jan 13 19:48:57 +0000 2010","favourites_count":25,"utc_offset":7200,"time_zone":"Berlin","geo_enabled":false,"verified":false,"statuses_count":258,"lang":"it","contributors_enabled":false,"is_translator":false,"profile_background_color":"131516","profile_background_image_url":"http:\/\/abs.twimg.com\/images\/themes\/theme14\/bg.gif","profile_background_image_url_https":"https:\/\/abs.twimg.com\/images\/themes\/theme14\/bg.gif","profile_background_tile":true,"profile_image_url":"http:\/\/pbs.twimg.com\/profile_images\/378800000599408175\/437e577c0da1d1a14cbfa6fb66956d34_normal.jpeg","profile_image_url_https":"https:\/\/pbs.twimg.com\/profile_images\/378800000599408175\/437e577c0da1d1a14cbfa6fb66956d34_normal.jpeg","profile_link_color":"009999","profile_sidebar_border_color":"EEEEEE","profile_sidebar_fill_color":"EFEFEF","profile_text_color":"333333","profile_use_background_image":true,"default_profile":false,"default_profile_image":false,"following":false,"follow_request_sent":false,"notifications":false},"geo":null,"coordinates":null,"place":null,"contributors":null,"retweet_count":0,"favorite_count":0,"entities":{"hashtags":[],"symbols":[],"urls":[],"user_mentions":[{"screen_name":"FoppOfficial","name":"Fopp","id":155560949,"id_str":"155560949","indices":[0,13]}]},"favorited":false,"retweeted":false,"lang":"en"},{"created_at":"Fri Sep 27 09:48:26 +0000 2013","id":383528547714727936,"id_str":"383528547714727936","text":"@FoppOfficial Do you sell gift voucher???????","source":"web","truncated":false,"in_reply_to_status_id":null,"in_reply_to_status_id_str":null,"in_reply_to_user_id":155560949,"in_reply_to_user_id_str":"155560949","in_reply_to_screen_name":"FoppOfficial","user":{"id":104585756,"id_str":"104585756","name":"Andrea Falzetti","screen_name":"rexromae","location":"Europe","description":"","url":"http:\/\/t.co\/LDoQyKoBxD","entities":{"url":{"urls":[{"url":"http:\/\/t.co\/LDoQyKoBxD","expanded_url":"http:\/\/andreafalzetti.com","display_url":"andreafalzetti.com","indices":[0,22]}]},"description":{"urls":[]}},"protected":false,"followers_count":47,"friends_count":117,"listed_count":1,"created_at":"Wed Jan 13 19:48:57 +0000 2010","favourites_count":25,"utc_offset":7200,"time_zone":"Berlin","geo_enabled":false,"verified":false,"statuses_count":258,"lang":"it","contributors_enabled":false,"is_translator":false,"profile_background_color":"131516","profile_background_image_url":"http:\/\/abs.twimg.com\/images\/themes\/theme14\/bg.gif","profile_background_image_url_https":"https:\/\/abs.twimg.com\/images\/themes\/theme14\/bg.gif","profile_background_tile":true,"profile_image_url":"http:\/\/pbs.twimg.com\/profile_images\/378800000599408175\/437e577c0da1d1a14cbfa6fb66956d34_normal.jpeg","profile_image_url_https":"https:\/\/pbs.twimg.com\/profile_images\/378800000599408175\/437e577c0da1d1a14cbfa6fb66956d34_normal.jpeg","profile_link_color":"009999","profile_sidebar_border_color":"EEEEEE","profile_sidebar_fill_color":"EFEFEF","profile_text_color":"333333","profile_use_background_image":true,"default_profile":false,"default_profile_image":false,"following":false,"follow_request_sent":false,"notifications":false},"geo":null,"coordinates":null,"place":null,"contributors":null,"retweet_count":0,"favorite_count":0,"entities":{"hashtags":[],"symbols":[],"urls":[],"user_mentions":[{"screen_name":"FoppOfficial","name":"Fopp","id":155560949,"id_str":"155560949","indices":[0,13]}]},"favorited":false,"retweeted":false,"lang":"en"},{"created_at":"Fri Sep 27 09:07:21 +0000 2013","id":383518212257636352,"id_str":"383518212257636352","text":"RT @Gameloft_Italy: Non fate progetti per il weekend! Stiamo cucinando qualcosa di buono per voi... Pronti?!?!? http:\/\/t.co\/T7FTbEVAlq","source":"web","truncated":false,"in_reply_to_status_id":null,"in_reply_to_status_id_str":null,"in_reply_to_user_id":null,"in_reply_to_user_id_str":null,"in_reply_to_screen_name":null,"user":{"id":104585756,"id_str":"104585756","name":"Andrea Falzetti","screen_name":"rexromae","location":"Europe","description":"","url":"http:\/\/t.co\/LDoQyKoBxD","entities":{"url":{"urls":[{"url":"http:\/\/t.co\/LDoQyKoBxD","expanded_url":"http:\/\/andreafalzetti.com","display_url":"andreafalzetti.com","indices":[0,22]}]},"description":{"urls":[]}},"protected":false,"followers_count":47,"friends_count":117,"listed_count":1,"created_at":"Wed Jan 13 19:48:57 +0000 2010","favourites_count":25,"utc_offset":7200,"time_zone":"Berlin","geo_enabled":false,"verified":false,"statuses_count":258,"lang":"it","contributors_enabled":false,"is_translator":false,"profile_background_color":"131516","profile_background_image_url":"http:\/\/abs.twimg.com\/images\/themes\/theme14\/bg.gif","profile_background_image_url_https":"https:\/\/abs.twimg.com\/images\/themes\/theme14\/bg.gif","profile_background_tile":true,"profile_image_url":"http:\/\/pbs.twimg.com\/profile_images\/378800000599408175\/437e577c0da1d1a14cbfa6fb66956d34_normal.jpeg","profile_image_url_https":"https:\/\/pbs.twimg.com\/profile_images\/378800000599408175\/437e577c0da1d1a14cbfa6fb66956d34_normal.jpeg","profile_link_color":"009999","profile_sidebar_border_color":"EEEEEE","profile_sidebar_fill_color":"EFEFEF","profile_text_color":"333333","profile_use_background_image":true,"default_profile":false,"default_profile_image":false,"following":false,"follow_request_sent":false,"notifications":false},"geo":null,"coordinates":null,"place":null,"contributors":null,"retweeted_status":{"created_at":"Fri Sep 27 09:05:47 +0000 2013","id":383517817137414144,"id_str":"383517817137414144","text":"Non fate progetti per il weekend! Stiamo cucinando qualcosa di buono per voi... Pronti?!?!? http:\/\/t.co\/T7FTbEVAlq","source":"web","truncated":false,"in_reply_to_status_id":null,"in_reply_to_status_id_str":null,"in_reply_to_user_id":null,"in_reply_to_user_id_str":null,"in_reply_to_screen_name":null,"user":{"id":26549430,"id_str":"26549430","name":"Gameloft Italia","screen_name":"Gameloft_Italy","location":"Milano","description":"Ciao, sono Miriam! Segui il canale ufficiale di Gameloft per essere informato sulle novit\u00e0 dei giochi per iPhone, iPad, Android e cellulari","url":"http:\/\/t.co\/IauKkNpkOE","entities":{"url":{"urls":[{"url":"http:\/\/t.co\/IauKkNpkOE","expanded_url":"http:\/\/www.gameloft.it\/","display_url":"gameloft.it","indices":[0,22]}]},"description":{"urls":[]}},"protected":false,"followers_count":82067,"friends_count":667,"listed_count":534,"created_at":"Wed Mar 25 17:56:00 +0000 2009","favourites_count":2,"utc_offset":7200,"time_zone":"Rome","geo_enabled":false,"verified":false,"statuses_count":3664,"lang":"it","contributors_enabled":false,"is_translator":false,"profile_background_color":"FFFFFF","profile_background_image_url":"http:\/\/a0.twimg.com\/profile_background_images\/378800000057247810\/7d03c6bc831e938bb589a879cd261748.jpeg","profile_background_image_url_https":"https:\/\/si0.twimg.com\/profile_background_images\/378800000057247810\/7d03c6bc831e938bb589a879cd261748.jpeg","profile_background_tile":false,"profile_image_url":"http:\/\/a0.twimg.com\/profile_images\/1499826528\/gameloft_icon4_italy_normal.png","profile_image_url_https":"https:\/\/si0.twimg.com\/profile_images\/1499826528\/gameloft_icon4_italy_normal.png","profile_banner_url":"https:\/\/pbs.twimg.com\/profile_banners\/26549430\/1368178668","profile_link_color":"AD0000","profile_sidebar_border_color":"FFFFFF","profile_sidebar_fill_color":"FFFFFF","profile_text_color":"333333","profile_use_background_image":true,"default_profile":false,"default_profile_image":false,"following":null,"follow_request_sent":false,"notifications":null},"geo":null,"coordinates":null,"place":null,"contributors":null,"retweet_count":3,"favorite_count":2,"entities":{"hashtags":[],"symbols":[],"urls":[],"user_mentions":[],"media":[{"id":383517817141608448,"id_str":"383517817141608448","indices":[92,114],"media_url":"http:\/\/pbs.twimg.com\/media\/BVKHbDfCQAAJW99.jpg","media_url_https":"https:\/\/pbs.twimg.com\/media\/BVKHbDfCQAAJW99.jpg","url":"http:\/\/t.co\/T7FTbEVAlq","display_url":"pic.twitter.com\/T7FTbEVAlq","expanded_url":"http:\/\/twitter.com\/Gameloft_Italy\/status\/383517817137414144\/photo\/1","type":"photo","sizes":{"thumb":{"w":150,"h":150,"resize":"crop"},"medium":{"w":600,"h":446,"resize":"fit"},"small":{"w":340,"h":253,"resize":"fit"},"large":{"w":800,"h":595,"resize":"fit"}}}]},"favorited":false,"retweeted":false,"possibly_sensitive":false,"lang":"it"},"retweet_count":3,"favorite_count":0,"entities":{"hashtags":[],"symbols":[],"urls":[],"user_mentions":[{"screen_name":"Gameloft_Italy","name":"Gameloft Italia","id":26549430,"id_str":"26549430","indices":[3,18]}],"media":[{"id":383517817141608448,"id_str":"383517817141608448","indices":[112,134],"media_url":"http:\/\/pbs.twimg.com\/media\/BVKHbDfCQAAJW99.jpg","media_url_https":"https:\/\/pbs.twimg.com\/media\/BVKHbDfCQAAJW99.jpg","url":"http:\/\/t.co\/T7FTbEVAlq","display_url":"pic.twitter.com\/T7FTbEVAlq","expanded_url":"http:\/\/twitter.com\/Gameloft_Italy\/status\/383517817137414144\/photo\/1","type":"photo","sizes":{"thumb":{"w":150,"h":150,"resize":"crop"},"medium":{"w":600,"h":446,"resize":"fit"},"small":{"w":340,"h":253,"resize":"fit"},"large":{"w":800,"h":595,"resize":"fit"}},"source_status_id":383517817137414144,"source_status_id_str":"383517817137414144"}]},"favorited":false,"retweeted":false,"possibly_sensitive":true,"lang":"it"},{"created_at":"Fri Sep 27 09:02:17 +0000 2013","id":383516937218564097,"id_str":"383516937218564097","text":"@FoppOfficial Do you sell gift voucher?","source":"web","truncated":false,"in_reply_to_status_id":null,"in_reply_to_status_id_str":null,"in_reply_to_user_id":155560949,"in_reply_to_user_id_str":"155560949","in_reply_to_screen_name":"FoppOfficial","user":{"id":104585756,"id_str":"104585756","name":"Andrea Falzetti","screen_name":"rexromae","location":"Europe","description":"","url":"http:\/\/t.co\/LDoQyKoBxD","entities":{"url":{"urls":[{"url":"http:\/\/t.co\/LDoQyKoBxD","expanded_url":"http:\/\/andreafalzetti.com","display_url":"andreafalzetti.com","indices":[0,22]}]},"description":{"urls":[]}},"protected":false,"followers_count":47,"friends_count":117,"listed_count":1,"created_at":"Wed Jan 13 19:48:57 +0000 2010","favourites_count":25,"utc_offset":7200,"time_zone":"Berlin","geo_enabled":false,"verified":false,"statuses_count":258,"lang":"it","contributors_enabled":false,"is_translator":false,"profile_background_color":"131516","profile_background_image_url":"http:\/\/abs.twimg.com\/images\/themes\/theme14\/bg.gif","profile_background_image_url_https":"https:\/\/abs.twimg.com\/images\/themes\/theme14\/bg.gif","profile_background_tile":true,"profile_image_url":"http:\/\/pbs.twimg.com\/profile_images\/378800000599408175\/437e577c0da1d1a14cbfa6fb66956d34_normal.jpeg","profile_image_url_https":"https:\/\/pbs.twimg.com\/profile_images\/378800000599408175\/437e577c0da1d1a14cbfa6fb66956d34_normal.jpeg","profile_link_color":"009999","profile_sidebar_border_color":"EEEEEE","profile_sidebar_fill_color":"EFEFEF","profile_text_color":"333333","profile_use_background_image":true,"default_profile":false,"default_profile_image":false,"following":false,"follow_request_sent":false,"notifications":false},"geo":null,"coordinates":null,"place":null,"contributors":null,"retweet_count":0,"favorite_count":0,"entities":{"hashtags":[],"symbols":[],"urls":[],"user_mentions":[{"screen_name":"FoppOfficial","name":"Fopp","id":155560949,"id_str":"155560949","indices":[0,13]}]},"favorited":false,"retweeted":false,"lang":"en"},{"created_at":"Tue Sep 10 12:16:04 +0000 2013","id":377405111015702528,"id_str":"377405111015702528","text":"#galaxynexus #nexus #cyanogenmod #help #xdadevelopers #android http:\/\/t.co\/tf3gpg0qgA #please #samguns","source":"web","truncated":false,"in_reply_to_status_id":null,"in_reply_to_status_id_str":null,"in_reply_to_user_id":null,"in_reply_to_user_id_str":null,"in_reply_to_screen_name":null,"user":{"id":104585756,"id_str":"104585756","name":"Andrea Falzetti","screen_name":"rexromae","location":"Europe","description":"","url":"http:\/\/t.co\/LDoQyKoBxD","entities":{"url":{"urls":[{"url":"http:\/\/t.co\/LDoQyKoBxD","expanded_url":"http:\/\/andreafalzetti.com","display_url":"andreafalzetti.com","indices":[0,22]}]},"description":{"urls":[]}},"protected":false,"followers_count":47,"friends_count":117,"listed_count":1,"created_at":"Wed Jan 13 19:48:57 +0000 2010","favourites_count":25,"utc_offset":7200,"time_zone":"Berlin","geo_enabled":false,"verified":false,"statuses_count":258,"lang":"it","contributors_enabled":false,"is_translator":false,"profile_background_color":"131516","profile_background_image_url":"http:\/\/abs.twimg.com\/images\/themes\/theme14\/bg.gif","profile_background_image_url_https":"https:\/\/abs.twimg.com\/images\/themes\/theme14\/bg.gif","profile_background_tile":true,"profile_image_url":"http:\/\/pbs.twimg.com\/profile_images\/378800000599408175\/437e577c0da1d1a14cbfa6fb66956d34_normal.jpeg","profile_image_url_https":"https:\/\/pbs.twimg.com\/profile_images\/378800000599408175\/437e577c0da1d1a14cbfa6fb66956d34_normal.jpeg","profile_link_color":"009999","profile_sidebar_border_color":"EEEEEE","profile_sidebar_fill_color":"EFEFEF","profile_text_color":"333333","profile_use_background_image":true,"default_profile":false,"default_profile_image":false,"following":false,"follow_request_sent":false,"notifications":false},"geo":null,"coordinates":null,"place":null,"contributors":null,"retweet_count":0,"favorite_count":0,"entities":{"hashtags":[{"text":"galaxynexus","indices":[0,12]},{"text":"nexus","indices":[13,19]},{"text":"cyanogenmod","indices":[20,32]},{"text":"help","indices":[33,38]},{"text":"xdadevelopers","indices":[39,53]},{"text":"android","indices":[54,62]},{"text":"please","indices":[86,93]},{"text":"samguns","indices":[94,102]}],"symbols":[],"urls":[{"url":"http:\/\/t.co\/tf3gpg0qgA","expanded_url":"http:\/\/bit.ly\/19DC3lw","display_url":"bit.ly\/19DC3lw","indices":[63,85]}],"user_mentions":[]},"favorited":false,"retweeted":false,"possibly_sensitive":true,"lang":"en"}]